{"cameraMode":{"drawMode":0,"name":"Shaded","section":"Shading Mode"},"sceneLighting":true,"audioPlay":false,"sceneViewState":{"m_AlwaysRefresh":false,"showFog":true,"showSkybox":true,"showFlares":true,"showImageEffects":true,"showParticleSystems":true,"showVisualEffectGraphs":true,"m_FxEnabled":true},"in2DMode":false,"pivot":{"x":21.75514793395996,"y":7.836332321166992,"z":-23.196701049804689},"rotation":{"x":0.4584520757198334,"y":0.021325720474123956,"z":-0.011005985550582409,"w":0.8884028196334839},"size":13.47608470916748,"orthographic":true}