{"cameraMode":{"drawMode":0,"name":"Shaded","section":"Shading Mode"},"sceneLighting":true,"audioPlay":false,"sceneViewState":{"m_AlwaysRefresh":false,"showFog":true,"showSkybox":true,"showFlares":true,"showImageEffects":true,"showParticleSystems":true,"showVisualEffectGraphs":true,"m_FxEnabled":true},"in2DMode":false,"pivot":{"x":-43.613643646240237,"y":-5.8161773681640629,"z":17.913070678710939},"rotation":{"x":0.44376635551452639,"y":-0.45126596093177798,"z":0.2769850492477417,"w":0.7229892015457153},"size":91.24703216552735,"orthographic":true}