{"cameraMode":{"drawMode":0,"name":"Shaded","section":"Shading Mode"},"sceneLighting":true,"audioPlay":false,"sceneViewState":{"m_AlwaysRefresh":false,"showFog":true,"showSkybox":true,"showFlares":true,"showImageEffects":true,"showParticleSystems":true,"showVisualEffectGraphs":true,"m_FxEnabled":true},"in2DMode":false,"pivot":{"x":-23.512575149536134,"y":18.200000762939454,"z":-53.50570297241211},"rotation":{"x":0.1156168058514595,"y":-0.4348291754722595,"z":0.056406207382678989,"w":0.8912771940231323},"size":0.8660253882408142,"orthographic":true}