{"cameraMode":{"drawMode":0,"name":"Shaded","section":"Shading Mode"},"sceneLighting":true,"audioPlay":false,"sceneViewState":{"m_AlwaysRefresh":false,"showFog":true,"showSkybox":true,"showFlares":true,"showImageEffects":true,"showParticleSystems":true,"showVisualEffectGraphs":true,"m_FxEnabled":true},"in2DMode":false,"pivot":{"x":13.088783264160157,"y":-4.882303237915039,"z":9.189510345458985},"rotation":{"x":0.4415087103843689,"y":0.27193382382392886,"z":-0.14240165054798127,"w":0.8431165218353272},"size":35.791194915771487,"orthographic":true}