{"cameraMode":{"drawMode":0,"name":"Shaded","section":"Shading Mode"},"sceneLighting":true,"audioPlay":false,"sceneViewState":{"m_AlwaysRefresh":false,"showFog":true,"showSkybox":true,"showFlares":true,"showImageEffects":true,"showParticleSystems":true,"showVisualEffectGraphs":true,"m_FxEnabled":true},"in2DMode":false,"pivot":{"x":15.832771301269532,"y":28.610130310058595,"z":-10.005208015441895},"rotation":{"x":0.3945104479789734,"y":-0.15593551099300385,"z":0.06812655925750733,"w":0.9029980897903442},"size":444.55108642578127,"orthographic":true}