{"cameraMode":{"drawMode":0,"name":"Shaded","section":"Shading Mode"},"sceneLighting":true,"audioPlay":false,"sceneViewState":{"m_AlwaysRefresh":false,"showFog":true,"showSkybox":true,"showFlares":true,"showImageEffects":true,"showParticleSystems":true,"showVisualEffectGraphs":true,"m_FxEnabled":true},"in2DMode":false,"pivot":{"x":15.423810958862305,"y":13.130620956420899,"z":-23.644325256347658},"rotation":{"x":0.2350882738828659,"y":-0.24469004571437837,"z":0.06127982586622238,"w":0.9386793971061707},"size":13.47608470916748,"orthographic":true}