{"cameraMode":{"drawMode":0,"name":"Shaded","section":"Shading Mode"},"sceneLighting":false,"audioPlay":false,"sceneViewState":{"m_AlwaysRefresh":false,"showFog":true,"showSkybox":false,"showFlares":true,"showImageEffects":true,"showParticleSystems":true,"showVisualEffectGraphs":true,"m_FxEnabled":true},"in2DMode":false,"pivot":{"x":-0.005777835845947266,"y":0.848468005657196,"z":-1.3170344829559327},"rotation":{"x":0.39037102460861208,"y":0.36577168107032778,"z":-0.17264558374881745,"w":0.827052652835846},"size":7.332908630371094,"orthographic":true}