{"cameraMode":{"drawMode":0,"name":"Shaded","section":"Shading Mode"},"sceneLighting":false,"audioPlay":false,"sceneViewState":{"m_AlwaysRefresh":false,"showFog":true,"showSkybox":false,"showFlares":true,"showImageEffects":true,"showParticleSystems":true,"showVisualEffectGraphs":true,"m_FxEnabled":true},"in2DMode":false,"pivot":{"x":0.026787638664245607,"y":0.4975266456604004,"z":0.15178704261779786},"rotation":{"x":0.09598087519407273,"y":0.8740601539611816,"z":-0.19261221587657929,"w":0.4355546832084656},"size":2.0078821182250978,"orthographic":true}