{"cameraMode":{"drawMode":0,"name":"Shaded","section":"Shading Mode"},"sceneLighting":false,"audioPlay":false,"sceneViewState":{"m_AlwaysRefresh":false,"showFog":true,"showSkybox":false,"showFlares":true,"showImageEffects":true,"showParticleSystems":true,"showVisualEffectGraphs":true,"m_FxEnabled":true},"in2DMode":false,"pivot":{"x":0.5787721276283264,"y":3.8763985633850099,"z":0.2678815722465515},"rotation":{"x":0.5087658762931824,"y":-0.21095547080039979,"z":0.1301797479391098,"w":0.8244466781616211},"size":4.625826835632324,"orthographic":true}