{"cameraMode":{"drawMode":0,"name":"Shaded","section":"Shading Mode"},"sceneLighting":false,"audioPlay":false,"sceneViewState":{"showFog":true,"showMaterialUpdate":false,"showSkybox":false,"showFlares":true,"showImageEffects":true,"showParticleSystems":true},"in2DMode":false,"pivot":{"x":-33.40967559814453,"y":1.7214140892028809,"z":-13.442718505859375},"rotation":{"x":-0.2328958511352539,"y":-0.16304628551006318,"z":0.0396413616836071,"w":-0.9579164981842041},"size":7.064146518707275,"orthographic":true}