{"cameraMode":{"drawMode":0,"name":"Shaded","section":"Shading Mode"},"sceneLighting":false,"audioPlay":false,"sceneViewState":{"showFog":true,"showMaterialUpdate":false,"showSkybox":false,"showFlares":true,"showImageEffects":true,"showParticleSystems":true},"in2DMode":false,"pivot":{"x":-19.33094596862793,"y":2.0682711601257326,"z":3.4265942573547365},"rotation":{"x":-0.1255636364221573,"y":-0.8120123147964478,"z":0.1896992176771164,"w":-0.5374794006347656},"size":10.793924331665039,"orthographic":true}