{"cameraMode":{"drawMode":0,"name":"Shaded","section":"Shading Mode"},"sceneLighting":false,"audioPlay":false,"sceneViewState":{"showFog":true,"showMaterialUpdate":false,"showSkybox":false,"showFlares":true,"showImageEffects":true,"showParticleSystems":true},"in2DMode":false,"pivot":{"x":23.571468353271486,"y":2.926116466522217,"z":-34.2235107421875},"rotation":{"x":-0.1255636364221573,"y":-0.8120123147964478,"z":0.1896992176771164,"w":-0.5374794006347656},"size":13.802000999450684,"orthographic":true}