{"cameraMode":{"drawMode":0,"name":"Shaded","section":"Shading Mode"},"sceneLighting":false,"audioPlay":false,"sceneViewState":{"showFog":true,"showMaterialUpdate":false,"showSkybox":false,"showFlares":true,"showImageEffects":true,"showParticleSystems":true},"in2DMode":false,"pivot":{"x":21.87342643737793,"y":3.3049778938293459,"z":23.96175765991211},"rotation":{"x":0.2715691030025482,"y":-0.17631559073925019,"z":0.050680894404649737,"w":0.9447721838951111},"size":95.24671173095703,"orthographic":true}