{"cameraMode":{"drawMode":0,"name":"Shaded","section":"Shading Mode"},"sceneLighting":false,"audioPlay":false,"sceneViewState":{"showFog":true,"showMaterialUpdate":false,"showSkybox":false,"showFlares":true,"showImageEffects":true,"showParticleSystems":true},"in2DMode":false,"pivot":{"x":-26.801738739013673,"y":0.6428989768028259,"z":-8.224931716918946},"rotation":{"x":-0.2328958511352539,"y":-0.16304628551006318,"z":0.0396413616836071,"w":-0.9579164981842041},"size":31.334026336669923,"orthographic":true}