{"cameraMode":{"drawMode":0,"name":"Shaded","section":"Shading Mode"},"sceneLighting":false,"audioPlay":false,"sceneViewState":{"showFog":true,"showMaterialUpdate":false,"showSkybox":false,"showFlares":true,"showImageEffects":true,"showParticleSystems":true},"in2DMode":false,"pivot":{"x":32.397850036621097,"y":2.687500238418579,"z":-41.74422073364258},"rotation":{"x":-0.24897627532482148,"y":-0.41085442900657656,"z":0.11769860982894898,"w":-0.869112491607666},"size":36.99479675292969,"orthographic":true}