{"cameraMode":{"drawMode":0,"name":"Shaded","section":"Shading Mode"},"sceneLighting":false,"audioPlay":false,"sceneViewState":{"showFog":true,"showMaterialUpdate":false,"showSkybox":false,"showFlares":true,"showImageEffects":true,"showParticleSystems":true},"in2DMode":false,"pivot":{"x":-0.7540000677108765,"y":0.2377515584230423,"z":-13.270000457763672},"rotation":{"x":-0.2262076735496521,"y":-0.4732178747653961,"z":0.12715406715869904,"w":-0.8418592214584351},"size":3.137373685836792,"orthographic":true}