{"cameraMode":{"drawMode":0,"name":"Shaded","section":"Shading Mode"},"sceneLighting":false,"audioPlay":false,"sceneViewState":{"showFog":true,"showMaterialUpdate":false,"showSkybox":false,"showFlares":true,"showImageEffects":true,"showParticleSystems":true},"in2DMode":false,"pivot":{"x":10.229714393615723,"y":1.1995584964752198,"z":7.0169267654418949},"rotation":{"x":0.20671416819095612,"y":0.6430301070213318,"z":-0.1862993687391281,"w":0.7134943008422852},"size":5.7536516189575199,"orthographic":true}