{"cameraMode":{"drawMode":0,"name":"Shaded","section":"Shading Mode"},"sceneLighting":false,"audioPlay":false,"sceneViewState":{"showFog":true,"showMaterialUpdate":false,"showSkybox":false,"showFlares":true,"showImageEffects":true,"showParticleSystems":true},"in2DMode":false,"pivot":{"x":-26.92150115966797,"y":0.15648478269577027,"z":-32.08203125},"rotation":{"x":-0.15370053052902223,"y":-0.7348122000694275,"z":0.17748622596263886,"w":-0.63633793592453},"size":22.485660552978517,"orthographic":true}